{
  "train": {
    "rmse": 0.013898519605351168,
    "mae": 0.01091395077799883,
    "r2": 0.9850034601863347
  },
  "test": {
    "rmse": 0.04966375137334428,
    "mae": 0.03765849430033111,
    "r2": 0.737298991416889
  }
}